estrutura,tamanho,repeticao,tempoNs
ArrayLinear,100,0,519018
ArrayLinear,100,1,109571
ArrayLinear,100,2,107902
ArrayLinear,100,3,100030
ArrayLinear,100,4,84260
ArrayLinear,100,5,195994
ArrayLinear,100,6,87795
ArrayLinear,100,7,83113
ArrayLinear,100,8,83485
ArrayLinear,100,9,96665
ArrayLinear,100,10,91864
ArrayLinear,100,11,73218
ArrayLinear,100,12,119369
ArrayLinear,100,13,73376
ArrayLinear,100,14,73399
ArrayLinear,100,15,73220
ArrayLinear,100,16,73459
ArrayLinear,100,17,66485
ArrayLinear,100,18,63430
ArrayLinear,100,19,64167
ArrayLinear,100,20,72438
ArrayLinear,100,21,63820
ArrayLinear,100,22,64403
ArrayLinear,100,23,63988
ArrayLinear,100,24,64518
ArrayLinear,100,25,63670
ArrayLinear,100,26,63911
ArrayLinear,100,27,63378
ArrayLinear,100,28,63729
ArrayLinear,100,29,79750
ArrayBinario,100,0,244783
ArrayBinario,100,1,178391
ArrayBinario,100,2,125652
ArrayBinario,100,3,124531
ArrayBinario,100,4,124079
ArrayBinario,100,5,123430
ArrayBinario,100,6,203356
ArrayBinario,100,7,120911
ArrayBinario,100,8,73508
ArrayBinario,100,9,73225
ArrayBinario,100,10,72749
ArrayBinario,100,11,92462
ArrayBinario,100,12,72232
ArrayBinario,100,13,72810
ArrayBinario,100,14,72478
ArrayBinario,100,15,72572
ArrayBinario,100,16,75707
ArrayBinario,100,17,73384
ArrayBinario,100,18,90399
ArrayBinario,100,19,76282
ArrayBinario,100,20,72772
ArrayBinario,100,21,72987
ArrayBinario,100,22,72617
ArrayBinario,100,23,73842
ArrayBinario,100,24,72820
ArrayBinario,100,25,80278
ArrayBinario,100,26,72933
ArrayBinario,100,27,73278
ArrayBinario,100,28,72805
ArrayBinario,100,29,74470
ListaEncadeada,100,0,712675
ListaEncadeada,100,1,667354
ListaEncadeada,100,2,715323
ListaEncadeada,100,3,748578
ListaEncadeada,100,4,809964
ListaEncadeada,100,5,684284
ListaEncadeada,100,6,679864
ListaEncadeada,100,7,755281
ListaEncadeada,100,8,177650
ListaEncadeada,100,9,190698
ListaEncadeada,100,10,167735
ListaEncadeada,100,11,282242
ListaEncadeada,100,12,256244
ListaEncadeada,100,13,259014
ListaEncadeada,100,14,199668
ListaEncadeada,100,15,216776
ListaEncadeada,100,16,171052
ListaEncadeada,100,17,160389
ListaEncadeada,100,18,233579
ListaEncadeada,100,19,128536
ListaEncadeada,100,20,121716
ListaEncadeada,100,21,169449
ListaEncadeada,100,22,121941
ListaEncadeada,100,23,124984
ListaEncadeada,100,24,124744
ListaEncadeada,100,25,119227
ListaEncadeada,100,26,133492
ListaEncadeada,100,27,120349
ListaEncadeada,100,28,119575
ListaEncadeada,100,29,123408
ArvoreBST,100,0,202154
ArvoreBST,100,1,61438
ArvoreBST,100,2,60650
ArvoreBST,100,3,60288
ArvoreBST,100,4,78049
ArvoreBST,100,5,60660
ArvoreBST,100,6,60352
ArvoreBST,100,7,66969
ArvoreBST,100,8,59706
ArvoreBST,100,9,59908
ArvoreBST,100,10,59358
ArvoreBST,100,11,59840
ArvoreBST,100,12,59149
ArvoreBST,100,13,73522
ArvoreBST,100,14,60574
ArvoreBST,100,15,60809
ArvoreBST,100,16,59620
ArvoreBST,100,17,60121
ArvoreBST,100,18,60021
ArvoreBST,100,19,59569
ArvoreBST,100,20,59258
ArvoreBST,100,21,59552
ArvoreBST,100,22,59501
ArvoreBST,100,23,74543
ArvoreBST,100,24,60026
ArvoreBST,100,25,59228
ArvoreBST,100,26,60289
ArvoreBST,100,27,59886
ArvoreBST,100,28,60122
ArvoreBST,100,29,60575
HashTable,100,0,319346
HashTable,100,1,253227
HashTable,100,2,205308
HashTable,100,3,151638
HashTable,100,4,72272
HashTable,100,5,97096
HashTable,100,6,71178
HashTable,100,7,96965
HashTable,100,8,76473
HashTable,100,9,85481
HashTable,100,10,82262
HashTable,100,11,79491
HashTable,100,12,76420
HashTable,100,13,79121
HashTable,100,14,75191
HashTable,100,15,77060
HashTable,100,16,76630
HashTable,100,17,77528
HashTable,100,18,80565
HashTable,100,19,76462
HashTable,100,20,84977
HashTable,100,21,77405
HashTable,100,22,96501
HashTable,100,23,75020
HashTable,100,24,90651
HashTable,100,25,89917
HashTable,100,26,76920
HashTable,100,27,79240
HashTable,100,28,77628
HashTable,100,29,84738
ArrayLinear,1000,0,155843
ArrayLinear,1000,1,148443
ArrayLinear,1000,2,144663
ArrayLinear,1000,3,146089
ArrayLinear,1000,4,140754
ArrayLinear,1000,5,159675
ArrayLinear,1000,6,154728
ArrayLinear,1000,7,153242
ArrayLinear,1000,8,168223
ArrayLinear,1000,9,148645
ArrayLinear,1000,10,144209
ArrayLinear,1000,11,142769
ArrayLinear,1000,12,145965
ArrayLinear,1000,13,155572
ArrayLinear,1000,14,155106
ArrayLinear,1000,15,142486
ArrayLinear,1000,16,137830
ArrayLinear,1000,17,138824
ArrayLinear,1000,18,151879
ArrayLinear,1000,19,150532
ArrayLinear,1000,20,147294
ArrayLinear,1000,21,144343
ArrayLinear,1000,22,153079
ArrayLinear,1000,23,160039
ArrayLinear,1000,24,157810
ArrayLinear,1000,25,151162
ArrayLinear,1000,26,147976
ArrayLinear,1000,27,149210
ArrayLinear,1000,28,152297
ArrayLinear,1000,29,154934
ArrayBinario,1000,0,96412
ArrayBinario,1000,1,80472
ArrayBinario,1000,2,77141
ArrayBinario,1000,3,78110
ArrayBinario,1000,4,76941
ArrayBinario,1000,5,83741
ArrayBinario,1000,6,83491
ArrayBinario,1000,7,87367
ArrayBinario,1000,8,83624
ArrayBinario,1000,9,83026
ArrayBinario,1000,10,83880
ArrayBinario,1000,11,83606
ArrayBinario,1000,12,84290
ArrayBinario,1000,13,105078
ArrayBinario,1000,14,108579
ArrayBinario,1000,15,112828
ArrayBinario,1000,16,94600
ArrayBinario,1000,17,85204
ArrayBinario,1000,18,100313
ArrayBinario,1000,19,116859
ArrayBinario,1000,20,90567
ArrayBinario,1000,21,111739
ArrayBinario,1000,22,86191
ArrayBinario,1000,23,79997
ArrayBinario,1000,24,80105
ArrayBinario,1000,25,79946
ArrayBinario,1000,26,79854
ArrayBinario,1000,27,81983
ArrayBinario,1000,28,80761
ArrayBinario,1000,29,100589
ListaEncadeada,1000,0,1312976
ListaEncadeada,1000,1,1207794
ListaEncadeada,1000,2,1093435
ListaEncadeada,1000,3,1157518
ListaEncadeada,1000,4,1188266
ListaEncadeada,1000,5,1078143
ListaEncadeada,1000,6,1226402
ListaEncadeada,1000,7,1165521
ListaEncadeada,1000,8,1141357
ListaEncadeada,1000,9,1215578
ListaEncadeada,1000,10,1155861
ListaEncadeada,1000,11,1095462
ListaEncadeada,1000,12,1084465
ListaEncadeada,1000,13,1002521
ListaEncadeada,1000,14,1148618
ListaEncadeada,1000,15,1012700
ListaEncadeada,1000,16,1092313
ListaEncadeada,1000,17,1051307
ListaEncadeada,1000,18,1069392
ListaEncadeada,1000,19,1181463
ListaEncadeada,1000,20,1153561
ListaEncadeada,1000,21,1077884
ListaEncadeada,1000,22,1182254
ListaEncadeada,1000,23,1130588
ListaEncadeada,1000,24,1103681
ListaEncadeada,1000,25,1225775
ListaEncadeada,1000,26,1062069
ListaEncadeada,1000,27,1118886
ListaEncadeada,1000,28,1075639
ListaEncadeada,1000,29,908346
ArvoreBST,1000,0,98039
ArvoreBST,1000,1,148215
ArvoreBST,1000,2,115378
ArvoreBST,1000,3,83143
ArvoreBST,1000,4,87671
ArvoreBST,1000,5,83229
ArvoreBST,1000,6,81477
ArvoreBST,1000,7,82717
ArvoreBST,1000,8,82725
ArvoreBST,1000,9,83258
ArvoreBST,1000,10,96151
ArvoreBST,1000,11,83166
ArvoreBST,1000,12,84405
ArvoreBST,1000,13,82492
ArvoreBST,1000,14,82436
ArvoreBST,1000,15,136005
ArvoreBST,1000,16,127964
ArvoreBST,1000,17,113699
ArvoreBST,1000,18,84217
ArvoreBST,1000,19,81776
ArvoreBST,1000,20,82280
ArvoreBST,1000,21,83341
ArvoreBST,1000,22,85528
ArvoreBST,1000,23,85713
ArvoreBST,1000,24,85452
ArvoreBST,1000,25,102583
ArvoreBST,1000,26,98104
ArvoreBST,1000,27,82169
ArvoreBST,1000,28,82343
ArvoreBST,1000,29,82895
HashTable,1000,0,61761
HashTable,1000,1,59742
HashTable,1000,2,66211
HashTable,1000,3,86330
HashTable,1000,4,65079
HashTable,1000,5,64529
HashTable,1000,6,66650
HashTable,1000,7,71994
HashTable,1000,8,61269
HashTable,1000,9,59635
HashTable,1000,10,63683
HashTable,1000,11,80722
HashTable,1000,12,81207
HashTable,1000,13,60569
HashTable,1000,14,60406
HashTable,1000,15,60447
HashTable,1000,16,60377
HashTable,1000,17,62594
HashTable,1000,18,62558
HashTable,1000,19,62412
HashTable,1000,20,62364
HashTable,1000,21,61856
HashTable,1000,22,59857
HashTable,1000,23,59181
HashTable,1000,24,62072
HashTable,1000,25,58779
HashTable,1000,26,61287
HashTable,1000,27,63661
HashTable,1000,28,61099
HashTable,1000,29,187555
ArrayLinear,10000,0,1176193
ArrayLinear,10000,1,1076519
ArrayLinear,10000,2,1086517
ArrayLinear,10000,3,1051770
ArrayLinear,10000,4,1578114
ArrayLinear,10000,5,1116520
ArrayLinear,10000,6,1126427
ArrayLinear,10000,7,1143575
ArrayLinear,10000,8,1076695
ArrayLinear,10000,9,1097930
ArrayLinear,10000,10,1045375
ArrayLinear,10000,11,1049429
ArrayLinear,10000,12,1065704
ArrayLinear,10000,13,1075654
ArrayLinear,10000,14,1092774
ArrayLinear,10000,15,1042475
ArrayLinear,10000,16,1066227
ArrayLinear,10000,17,1071982
ArrayLinear,10000,18,1042502
ArrayLinear,10000,19,1066197
ArrayLinear,10000,20,1058086
ArrayLinear,10000,21,1061286
ArrayLinear,10000,22,1072137
ArrayLinear,10000,23,1133947
ArrayLinear,10000,24,1100992
ArrayLinear,10000,25,1089101
ArrayLinear,10000,26,1044210
ArrayLinear,10000,27,1115696
ArrayLinear,10000,28,1031630
ArrayLinear,10000,29,1076472
ArrayBinario,10000,0,128624
ArrayBinario,10000,1,138433
ArrayBinario,10000,2,136685
ArrayBinario,10000,3,153462
ArrayBinario,10000,4,167106
ArrayBinario,10000,5,145978
ArrayBinario,10000,6,134514
ArrayBinario,10000,7,235725
ArrayBinario,10000,8,191760
ArrayBinario,10000,9,247393
ArrayBinario,10000,10,148600
ArrayBinario,10000,11,132941
ArrayBinario,10000,12,205353
ArrayBinario,10000,13,135828
ArrayBinario,10000,14,136212
ArrayBinario,10000,15,121913
ArrayBinario,10000,16,123164
ArrayBinario,10000,17,132266
ArrayBinario,10000,18,177709
ArrayBinario,10000,19,124348
ArrayBinario,10000,20,117518
ArrayBinario,10000,21,118626
ArrayBinario,10000,22,127386
ArrayBinario,10000,23,120821
ArrayBinario,10000,24,189493
ArrayBinario,10000,25,121346
ArrayBinario,10000,26,186189
ArrayBinario,10000,27,178230
ArrayBinario,10000,28,119157
ArrayBinario,10000,29,192897
ListaEncadeada,10000,0,10832880
ListaEncadeada,10000,1,10323161
ListaEncadeada,10000,2,10100150
ListaEncadeada,10000,3,10462789
ListaEncadeada,10000,4,10120490
ListaEncadeada,10000,5,10237127
ListaEncadeada,10000,6,10249966
ListaEncadeada,10000,7,10197097
ListaEncadeada,10000,8,10104164
ListaEncadeada,10000,9,10341877
ListaEncadeada,10000,10,9839851
ListaEncadeada,10000,11,10530706
ListaEncadeada,10000,12,10458900
ListaEncadeada,10000,13,9846808
ListaEncadeada,10000,14,10178079
ListaEncadeada,10000,15,10014067
ListaEncadeada,10000,16,12877199
ListaEncadeada,10000,17,11204660
ListaEncadeada,10000,18,10933502
ListaEncadeada,10000,19,10073952
ListaEncadeada,10000,20,10625710
ListaEncadeada,10000,21,10133236
ListaEncadeada,10000,22,10372127
ListaEncadeada,10000,23,10805703
ListaEncadeada,10000,24,10159640
ListaEncadeada,10000,25,9851535
ListaEncadeada,10000,26,10112580
ListaEncadeada,10000,27,10117498
ListaEncadeada,10000,28,10490792
ListaEncadeada,10000,29,10458139
ArvoreBST,10000,0,91491
ArvoreBST,10000,1,81794
ArvoreBST,10000,2,82960
ArvoreBST,10000,3,149637
ArvoreBST,10000,4,82517
ArvoreBST,10000,5,82354
ArvoreBST,10000,6,82043
ArvoreBST,10000,7,81037
ArvoreBST,10000,8,83496
ArvoreBST,10000,9,82727
ArvoreBST,10000,10,79690
ArvoreBST,10000,11,82266
ArvoreBST,10000,12,82910
ArvoreBST,10000,13,81177
ArvoreBST,10000,14,81761
ArvoreBST,10000,15,82208
ArvoreBST,10000,16,82712
ArvoreBST,10000,17,83118
ArvoreBST,10000,18,85908
ArvoreBST,10000,19,80547
ArvoreBST,10000,20,83403
ArvoreBST,10000,21,83177
ArvoreBST,10000,22,82588
ArvoreBST,10000,23,81940
ArvoreBST,10000,24,81601
ArvoreBST,10000,25,81193
ArvoreBST,10000,26,80658
ArvoreBST,10000,27,82433
ArvoreBST,10000,28,81846
ArvoreBST,10000,29,82330
HashTable,10000,0,34493
HashTable,10000,1,32192
HashTable,10000,2,32006
HashTable,10000,3,32896
HashTable,10000,4,33175
HashTable,10000,5,48448
HashTable,10000,6,31952
HashTable,10000,7,46008
HashTable,10000,8,32137
HashTable,10000,9,31713
HashTable,10000,10,32199
HashTable,10000,11,32918
HashTable,10000,12,33045
HashTable,10000,13,32039
HashTable,10000,14,31624
HashTable,10000,15,32292
HashTable,10000,16,32743
HashTable,10000,17,31417
HashTable,10000,18,32511
HashTable,10000,19,32210
HashTable,10000,20,31933
HashTable,10000,21,34149
HashTable,10000,22,31196
HashTable,10000,23,32038
HashTable,10000,24,36914
HashTable,10000,25,31469
HashTable,10000,26,55995
HashTable,10000,27,53491
HashTable,10000,28,33967
HashTable,10000,29,31999
ArrayLinear,100000,0,10796400
ArrayLinear,100000,1,10418364
ArrayLinear,100000,2,10340274
ArrayLinear,100000,3,10343906
ArrayLinear,100000,4,10106374
ArrayLinear,100000,5,10715886
ArrayLinear,100000,6,10835991
ArrayLinear,100000,7,11021136
ArrayLinear,100000,8,10308370
ArrayLinear,100000,9,10261921
ArrayLinear,100000,10,13568406
ArrayLinear,100000,11,11348221
ArrayLinear,100000,12,10281771
ArrayLinear,100000,13,10316587
ArrayLinear,100000,14,11891139
ArrayLinear,100000,15,10207528
ArrayLinear,100000,16,10579335
ArrayLinear,100000,17,11024485
ArrayLinear,100000,18,10322368
ArrayLinear,100000,19,10221394
ArrayLinear,100000,20,10201685
ArrayLinear,100000,21,10391354
ArrayLinear,100000,22,10746459
ArrayLinear,100000,23,10418499
ArrayLinear,100000,24,10543807
ArrayLinear,100000,25,12054572
ArrayLinear,100000,26,10333703
ArrayLinear,100000,27,10278793
ArrayLinear,100000,28,10692106
ArrayLinear,100000,29,12188212
ArrayBinario,100000,0,224698
ArrayBinario,100000,1,186679
ArrayBinario,100000,2,177481
ArrayBinario,100000,3,174496
ArrayBinario,100000,4,203957
ArrayBinario,100000,5,163826
ArrayBinario,100000,6,155032
ArrayBinario,100000,7,166056
ArrayBinario,100000,8,131868
ArrayBinario,100000,9,133451
ArrayBinario,100000,10,133891
ArrayBinario,100000,11,134871
ArrayBinario,100000,12,131217
ArrayBinario,100000,13,130694
ArrayBinario,100000,14,164101
ArrayBinario,100000,15,155852
ArrayBinario,100000,16,197917
ArrayBinario,100000,17,170276
ArrayBinario,100000,18,162718
ArrayBinario,100000,19,133183
ArrayBinario,100000,20,138497
ArrayBinario,100000,21,254379
ArrayBinario,100000,22,562922
ArrayBinario,100000,23,306445
ArrayBinario,100000,24,194281
ArrayBinario,100000,25,180775
ArrayBinario,100000,26,169719
ArrayBinario,100000,27,157618
ArrayBinario,100000,28,275463
ArrayBinario,100000,29,190669
ListaEncadeada,100000,0,116598658
ListaEncadeada,100000,1,120144549
ListaEncadeada,100000,2,117694184
ListaEncadeada,100000,3,122421295
ListaEncadeada,100000,4,131715442
ListaEncadeada,100000,5,117862795
ListaEncadeada,100000,6,113686652
ListaEncadeada,100000,7,114843329
ListaEncadeada,100000,8,116321361
ListaEncadeada,100000,9,112241367
ListaEncadeada,100000,10,111065686
ListaEncadeada,100000,11,109981273
ListaEncadeada,100000,12,113620812
ListaEncadeada,100000,13,111171231
ListaEncadeada,100000,14,113921100
ListaEncadeada,100000,15,112168643
ListaEncadeada,100000,16,118319794
ListaEncadeada,100000,17,113334963
ListaEncadeada,100000,18,114424229
ListaEncadeada,100000,19,114417450
ListaEncadeada,100000,20,116463073
ListaEncadeada,100000,21,117150066
ListaEncadeada,100000,22,119687119
ListaEncadeada,100000,23,115178084
ListaEncadeada,100000,24,118308634
ListaEncadeada,100000,25,112522937
ListaEncadeada,100000,26,123226023
ListaEncadeada,100000,27,117891870
ListaEncadeada,100000,28,112998890
ListaEncadeada,100000,29,111817376
ArvoreBST,100000,0,195445
ArvoreBST,100000,1,211304
ArvoreBST,100000,2,194333
ArvoreBST,100000,3,193617
ArvoreBST,100000,4,199341
ArvoreBST,100000,5,297233
ArvoreBST,100000,6,192492
ArvoreBST,100000,7,204653
ArvoreBST,100000,8,201091
ArvoreBST,100000,9,433579
ArvoreBST,100000,10,261832
ArvoreBST,100000,11,209479
ArvoreBST,100000,12,199561
ArvoreBST,100000,13,196004
ArvoreBST,100000,14,220913
ArvoreBST,100000,15,230774
ArvoreBST,100000,16,231035
ArvoreBST,100000,17,228343
ArvoreBST,100000,18,228345
ArvoreBST,100000,19,201762
ArvoreBST,100000,20,209304
ArvoreBST,100000,21,228097
ArvoreBST,100000,22,214356
ArvoreBST,100000,23,215549
ArvoreBST,100000,24,420609
ArvoreBST,100000,25,270484
ArvoreBST,100000,26,244508
ArvoreBST,100000,27,259230
ArvoreBST,100000,28,265193
ArvoreBST,100000,29,395648
HashTable,100000,0,140533
HashTable,100000,1,169155
HashTable,100000,2,168309
HashTable,100000,3,80766
HashTable,100000,4,93680
HashTable,100000,5,96257
HashTable,100000,6,82191
HashTable,100000,7,76599
HashTable,100000,8,88556
HashTable,100000,9,81482
HashTable,100000,10,100396
HashTable,100000,11,90038
HashTable,100000,12,101969
HashTable,100000,13,90945
HashTable,100000,14,110425
HashTable,100000,15,100653
HashTable,100000,16,74103
HashTable,100000,17,79036
HashTable,100000,18,111038
HashTable,100000,19,111052
HashTable,100000,20,76408
HashTable,100000,21,75114
HashTable,100000,22,76716
HashTable,100000,23,82984
HashTable,100000,24,187728
HashTable,100000,25,133124
HashTable,100000,26,108289
HashTable,100000,27,122983
HashTable,100000,28,84943
HashTable,100000,29,89911
