estrutura,tamanho,repeticao,tempoInsercaoNs,tempoBuscaNs,memoriaBytes
ArrayLinear,1000,0,85366,3246376,0
ArrayLinear,1000,1,98963,2830890,0
ArrayLinear,1000,2,44636,251029,0
ArrayLinear,1000,3,28917,213109,0
ArrayLinear,1000,4,132456,173845,0
ArrayLinear,1000,5,42410,212707,0
ArrayLinear,1000,6,45836,141379,0
ArrayLinear,1000,7,154644,187693,0
ArrayLinear,1000,8,185755,158783,0
ArrayLinear,1000,9,204657,142605,0
ArrayLinear,1000,10,41664,143431,0
ArrayLinear,1000,11,169386,226521,0
ArrayLinear,1000,12,28719,514272,0
ArrayLinear,1000,13,83962,141783,0
ArrayLinear,1000,14,35993,162932,0
ArrayLinear,1000,15,32556,405153,0
ArrayLinear,1000,16,31119,144353,0
ArrayLinear,1000,17,72975,144550,0
ArrayLinear,1000,18,113436,284626,0
ArrayLinear,1000,19,28645,198360,0
ArrayLinear,1000,20,33407,144780,0
ArrayLinear,1000,21,40108,145095,0
ArrayLinear,1000,22,39057,161764,0
ArrayLinear,1000,23,80910,208046,0
ArrayLinear,1000,24,150009,159403,0
ArrayLinear,1000,25,30326,328620,0
ArrayLinear,1000,26,34100,475911,0
ArrayLinear,1000,27,31043,160000,0
ArrayLinear,1000,28,43391,143823,0
ArrayLinear,1000,29,236098,165736,0
ArrayBinario,1000,0,1477565,964054,184
ArrayBinario,1000,1,753750,259636,0
ArrayBinario,1000,2,384896,293974,0
ArrayBinario,1000,3,481977,106868,0
ArrayBinario,1000,4,582256,278828,0
ArrayBinario,1000,5,355623,109730,0
ArrayBinario,1000,6,1232051,101409,0
ArrayBinario,1000,7,404273,109962,0
ArrayBinario,1000,8,393705,235316,0
ArrayBinario,1000,9,390822,148221,0
ArrayBinario,1000,10,283131,86314,0
ArrayBinario,1000,11,153777,84752,0
ArrayBinario,1000,12,123794,73392,0
ArrayBinario,1000,13,248148,92308,0
ArrayBinario,1000,14,97826,162930,0
ArrayBinario,1000,15,144718,133108,0
ArrayBinario,1000,16,149330,127268,0
ArrayBinario,1000,17,113317,78033,0
ArrayBinario,1000,18,124044,84286,0
ArrayBinario,1000,19,412917,80561,136
ArrayBinario,1000,20,269054,68656,0
ArrayBinario,1000,21,376476,68927,0
ArrayBinario,1000,22,97475,103976,0
ArrayBinario,1000,23,219239,89421,2248
ArrayBinario,1000,24,203687,98333,0
ArrayBinario,1000,25,200336,113220,0
ArrayBinario,1000,26,170631,103422,0
ArrayBinario,1000,27,106199,120288,0
ArrayBinario,1000,28,153344,130338,0
ArrayBinario,1000,29,112727,83235,0
ListaEncadeada,1000,0,547407,3095972,24352
ListaEncadeada,1000,1,35273,3437828,24000
ListaEncadeada,1000,2,34666,4069688,24000
ListaEncadeada,1000,3,57963,4860155,24000
ListaEncadeada,1000,4,61925,4153469,24000
ListaEncadeada,1000,5,112463,3157569,24000
ListaEncadeada,1000,6,66595,6309686,24000
ListaEncadeada,1000,7,44629,6708017,24000
ListaEncadeada,1000,8,52465,6284404,24000
ListaEncadeada,1000,9,54868,7020362,24000
ListaEncadeada,1000,10,47693,5640932,24000
ListaEncadeada,1000,11,47998,3664109,24000
ListaEncadeada,1000,12,29535,3729426,24000
ListaEncadeada,1000,13,42263,2668269,24000
ListaEncadeada,1000,14,56816,1371805,24000
ListaEncadeada,1000,15,60074,1260494,24000
ListaEncadeada,1000,16,158559,1019826,24000
ListaEncadeada,1000,17,17647,1126674,24000
ListaEncadeada,1000,18,22261,1619133,24000
ListaEncadeada,1000,19,20558,1540782,24000
ListaEncadeada,1000,20,21828,1387369,24000
ListaEncadeada,1000,21,24824,1296120,24000
ListaEncadeada,1000,22,20574,1127671,24000
ListaEncadeada,1000,23,17107,1576956,24000
ListaEncadeada,1000,24,45136,1634679,24000
ListaEncadeada,1000,25,35932,1536903,24000
ListaEncadeada,1000,26,24663,1478379,24000
ListaEncadeada,1000,27,19625,1417084,24000
ListaEncadeada,1000,28,24643,1286328,24000
ListaEncadeada,1000,29,19583,1479947,24000
ArvoreBST,1000,0,1187881,427058,24352
ArvoreBST,1000,1,184156,155965,24000
ArvoreBST,1000,2,200147,165768,24000
ArvoreBST,1000,3,212213,212880,24000
ArvoreBST,1000,4,199112,373250,24000
ArvoreBST,1000,5,204075,193877,24000
ArvoreBST,1000,6,281184,119099,24000
ArvoreBST,1000,7,268482,156368,24000
ArvoreBST,1000,8,433911,124452,24000
ArvoreBST,1000,9,298549,163177,24000
ArvoreBST,1000,10,175924,150167,24000
ArvoreBST,1000,11,172515,239570,24000
ArvoreBST,1000,12,213417,228132,24000
ArvoreBST,1000,13,193347,165612,24000
ArvoreBST,1000,14,175246,120606,24000
ArvoreBST,1000,15,415927,209203,24000
ArvoreBST,1000,16,378884,121781,24000
ArvoreBST,1000,17,275191,263753,24000
ArvoreBST,1000,18,337802,210817,24000
ArvoreBST,1000,19,390987,200290,24000
ArvoreBST,1000,20,391361,244630,24000
ArvoreBST,1000,21,471434,188017,24000
ArvoreBST,1000,22,254849,149662,24000
ArvoreBST,1000,23,419760,122346,24000
ArvoreBST,1000,24,208327,105993,24000
ArvoreBST,1000,25,206621,104910,24000
ArvoreBST,1000,26,194101,363840,24000
ArvoreBST,1000,27,194529,186068,24000
ArvoreBST,1000,28,265240,162082,24000
ArvoreBST,1000,29,339413,100009,24000
HashTable,1000,0,2049318,711970,53448
HashTable,1000,1,563188,203093,53408
HashTable,1000,2,308252,105623,53408
HashTable,1000,3,287474,123854,53408
HashTable,1000,4,353616,115784,53408
HashTable,1000,5,369624,106231,53408
HashTable,1000,6,696837,107044,53408
HashTable,1000,7,340133,129255,53408
HashTable,1000,8,628119,219382,53408
HashTable,1000,9,663532,209979,53408
HashTable,1000,10,509678,95987,53408
HashTable,1000,11,518262,155963,53408
HashTable,1000,12,217897,90650,53408
HashTable,1000,13,406089,132250,53408
HashTable,1000,14,440280,88881,53408
HashTable,1000,15,276587,250905,53408
HashTable,1000,16,202143,257285,53408
HashTable,1000,17,166673,97360,53408
HashTable,1000,18,165506,98708,53408
HashTable,1000,19,162240,170985,53408
HashTable,1000,20,236605,140038,53408
HashTable,1000,21,201061,72682,53408
HashTable,1000,22,157582,34463,53408
HashTable,1000,23,98363,40498,53408
HashTable,1000,24,90597,25941,53408
HashTable,1000,25,178488,22780,53408
HashTable,1000,26,121840,25021,53408
HashTable,1000,27,259756,26068,53408
HashTable,1000,28,116795,30879,53408
HashTable,1000,29,87009,82715,53408
ArrayLinear,10000,0,315824,1348332,0
ArrayLinear,10000,1,183703,1818603,0
ArrayLinear,10000,2,83056,2021809,0
ArrayLinear,10000,3,53280,2045122,0
ArrayLinear,10000,4,50526,1505564,0
ArrayLinear,10000,5,49143,892358,0
ArrayLinear,10000,6,106801,976221,0
ArrayLinear,10000,7,100598,989423,0
ArrayLinear,10000,8,59066,977907,0
ArrayLinear,10000,9,57081,1030614,0
ArrayLinear,10000,10,65907,933953,0
ArrayLinear,10000,11,162849,1063422,0
ArrayLinear,10000,12,227214,1000183,0
ArrayLinear,10000,13,56525,1823259,0
ArrayLinear,10000,14,90965,1077561,0
ArrayLinear,10000,15,53446,1293654,0
ArrayLinear,10000,16,55334,1344588,0
ArrayLinear,10000,17,55237,1555929,0
ArrayLinear,10000,18,133063,1090527,0
ArrayLinear,10000,19,85933,992631,0
ArrayLinear,10000,20,70733,1016118,0
ArrayLinear,10000,21,62795,954998,0
ArrayLinear,10000,22,146750,1018633,0
ArrayLinear,10000,23,92064,990540,0
ArrayLinear,10000,24,55124,1112362,0
ArrayLinear,10000,25,48264,1761695,0
ArrayLinear,10000,26,68139,1260460,0
ArrayLinear,10000,27,58941,1365104,0
ArrayLinear,10000,28,56633,1579337,0
ArrayLinear,10000,29,61212,1428865,0
ArrayBinario,10000,0,4702400,274328,0
ArrayBinario,10000,1,2463101,245456,0
ArrayBinario,10000,2,1683892,155842,0
ArrayBinario,10000,3,1593726,141717,0
ArrayBinario,10000,4,1522203,195942,0
ArrayBinario,10000,5,1510786,186882,0
ArrayBinario,10000,6,1520873,423169,0
ArrayBinario,10000,7,1293374,229997,0
ArrayBinario,10000,8,1681092,277475,0
ArrayBinario,10000,9,1175001,228175,0
ArrayBinario,10000,10,1137070,493042,0
ArrayBinario,10000,11,1035855,440671,0
ArrayBinario,10000,12,1006080,303422,0
ArrayBinario,10000,13,1312884,308004,0
ArrayBinario,10000,14,802414,402206,0
ArrayBinario,10000,15,903279,276668,0
ArrayBinario,10000,16,1493089,363140,0
ArrayBinario,10000,17,1290411,202782,0
ArrayBinario,10000,18,1261858,271433,0
ArrayBinario,10000,19,947657,139044,0
ArrayBinario,10000,20,616529,116496,0
ArrayBinario,10000,21,601633,85446,0
ArrayBinario,10000,22,1060458,96186,0
ArrayBinario,10000,23,702759,89066,0
ArrayBinario,10000,24,664077,105514,0
ArrayBinario,10000,25,777738,116264,0
ArrayBinario,10000,26,944696,126227,0
ArrayBinario,10000,27,820290,125207,0
ArrayBinario,10000,28,1239950,166203,0
ArrayBinario,10000,29,802806,155195,0
ListaEncadeada,10000,0,410756,19971802,240000
ListaEncadeada,10000,1,466039,23963990,240000
ListaEncadeada,10000,2,372278,20183138,240000
ListaEncadeada,10000,3,320271,16666069,240000
ListaEncadeada,10000,4,263303,15638619,240000
ListaEncadeada,10000,5,202962,18094942,240000
ListaEncadeada,10000,6,414801,14559406,240000
ListaEncadeada,10000,7,159887,12098477,240000
ListaEncadeada,10000,8,183299,12777027,240000
ListaEncadeada,10000,9,281570,14030724,240000
ListaEncadeada,10000,10,154396,13383437,240000
ListaEncadeada,10000,11,269016,15162451,240000
ListaEncadeada,10000,12,168315,14496955,240000
ListaEncadeada,10000,13,156727,13785957,240000
ListaEncadeada,10000,14,162896,14348252,240000
ListaEncadeada,10000,15,193412,15497876,240000
ListaEncadeada,10000,16,193390,16265314,240000
ListaEncadeada,10000,17,206396,14470821,240000
ListaEncadeada,10000,18,189578,13656606,240000
ListaEncadeada,10000,19,179811,12634696,240000
ListaEncadeada,10000,20,292470,12524816,240000
ListaEncadeada,10000,21,178966,12985122,240000
ListaEncadeada,10000,22,292990,12784213,240000
ListaEncadeada,10000,23,181020,13807290,240000
ListaEncadeada,10000,24,169748,13264970,240000
ListaEncadeada,10000,25,274181,13370546,240000
ListaEncadeada,10000,26,145038,14379904,240000
ListaEncadeada,10000,27,150241,12130626,240000
ListaEncadeada,10000,28,208342,12811028,240000
ListaEncadeada,10000,29,140507,12670061,240000
ArvoreBST,10000,0,2552885,238350,240000
ArvoreBST,10000,1,2899515,622604,240000
ArvoreBST,10000,2,3317239,144895,240000
ArvoreBST,10000,3,2626121,126895,240000
ArvoreBST,10000,4,2390467,166997,240000
ArvoreBST,10000,5,1592585,168010,240000
ArvoreBST,10000,6,1569821,220677,240000
ArvoreBST,10000,7,1826346,151626,240000
ArvoreBST,10000,8,1751885,165839,240000
ArvoreBST,10000,9,2073085,191622,240000
ArvoreBST,10000,10,2518300,140597,240000
ArvoreBST,10000,11,2381284,130044,240000
ArvoreBST,10000,12,1826835,124709,240000
ArvoreBST,10000,13,2117004,173098,240000
ArvoreBST,10000,14,2230225,399446,240000
ArvoreBST,10000,15,1465907,122367,240000
ArvoreBST,10000,16,1501869,123938,240000
ArvoreBST,10000,17,1601128,153572,240000
ArvoreBST,10000,18,1870152,148726,240000
ArvoreBST,10000,19,1702874,130192,240000
ArvoreBST,10000,20,2095628,165411,240000
ArvoreBST,10000,21,1653097,282374,240000
ArvoreBST,10000,22,1793289,157442,240000
ArvoreBST,10000,23,1588128,139679,240000
ArvoreBST,10000,24,1815522,147787,240000
ArvoreBST,10000,25,1930191,109384,240000
ArvoreBST,10000,26,2150461,114243,240000
ArvoreBST,10000,27,1588588,117490,240000
ArvoreBST,10000,28,1681614,120203,240000
ArvoreBST,10000,29,1347038,191952,240000
HashTable,10000,0,2478625,176368,522448
HashTable,10000,1,1382429,167442,522448
HashTable,10000,2,1182801,62631,522448
HashTable,10000,3,628506,71688,522448
HashTable,10000,4,1227597,141167,522448
HashTable,10000,5,709151,152843,522448
HashTable,10000,6,468455,409251,522448
HashTable,10000,7,643233,108730,522448
HashTable,10000,8,584925,87631,522448
HashTable,10000,9,480457,121805,522448
HashTable,10000,10,601472,135599,522448
HashTable,10000,11,676484,76599,522448
HashTable,10000,12,1082909,76079,522448
HashTable,10000,13,756068,92634,522448
HashTable,10000,14,576878,74782,522448
HashTable,10000,15,475778,79367,522448
HashTable,10000,16,603882,161462,522448
HashTable,10000,17,635019,155794,522448
HashTable,10000,18,686296,90651,522448
HashTable,10000,19,838971,81119,522448
HashTable,10000,20,1379750,107067,522448
HashTable,10000,21,687957,127694,522448
HashTable,10000,22,625332,121265,522448
HashTable,10000,23,1194477,382365,522448
HashTable,10000,24,593865,150055,522448
HashTable,10000,25,644108,89565,522448
HashTable,10000,26,1449041,64421,522448
HashTable,10000,27,924485,79595,522448
HashTable,10000,28,1252178,57503,522448
HashTable,10000,29,1355123,69588,522448
ArrayLinear,100000,0,483327,13401292,0
ArrayLinear,100000,1,674413,17489109,0
ArrayLinear,100000,2,1148201,13709230,0
ArrayLinear,100000,3,531734,13807289,0
ArrayLinear,100000,4,567926,12718230,0
ArrayLinear,100000,5,727873,13394466,0
ArrayLinear,100000,6,560214,13049618,0
ArrayLinear,100000,7,592745,13879096,0
ArrayLinear,100000,8,549874,13968341,0
ArrayLinear,100000,9,666733,14936218,0
ArrayLinear,100000,10,692318,14283118,0
ArrayLinear,100000,11,590777,15094719,0
ArrayLinear,100000,12,590576,14617183,0
ArrayLinear,100000,13,667659,14300712,0
ArrayLinear,100000,14,1475512,14831142,0
ArrayLinear,100000,15,1038329,14016729,0
ArrayLinear,100000,16,551854,14065842,0
ArrayLinear,100000,17,547673,13547336,0
ArrayLinear,100000,18,541822,12453929,0
ArrayLinear,100000,19,518310,14353459,0
ArrayLinear,100000,20,563962,13771307,0
ArrayLinear,100000,21,1628394,15217070,0
ArrayLinear,100000,22,1565799,14719766,0
ArrayLinear,100000,23,662269,14067602,0
ArrayLinear,100000,24,1222774,16528740,0
ArrayLinear,100000,25,1298544,16037660,0
ArrayLinear,100000,26,702312,14992229,0
ArrayLinear,100000,27,703236,17591378,0
ArrayLinear,100000,28,705202,14823026,0
ArrayLinear,100000,29,675537,15582750,0
ArrayBinario,100000,0,23461584,244732,0
ArrayBinario,100000,1,21150328,236389,0
ArrayBinario,100000,2,13600559,218978,0
ArrayBinario,100000,3,10394227,185187,0
ArrayBinario,100000,4,23110742,310222,0
ArrayBinario,100000,5,10356224,230841,0
ArrayBinario,100000,6,9450496,508574,0
ArrayBinario,100000,7,7984913,209875,0
ArrayBinario,100000,8,9344034,203068,0
ArrayBinario,100000,9,9119822,710437,0
ArrayBinario,100000,10,7539691,217574,0
ArrayBinario,100000,11,10271137,202425,0
ArrayBinario,100000,12,8784986,206082,0
ArrayBinario,100000,13,7081848,205933,0
ArrayBinario,100000,14,9018293,190479,0
ArrayBinario,100000,15,8599041,193592,0
ArrayBinario,100000,16,7748429,253374,0
ArrayBinario,100000,17,7800133,189207,0
ArrayBinario,100000,18,9773894,187234,0
ArrayBinario,100000,19,8341719,225109,0
ArrayBinario,100000,20,7992312,279781,0
ArrayBinario,100000,21,9420164,195507,0
ArrayBinario,100000,22,8488463,321231,0
ArrayBinario,100000,23,8864126,218644,0
ArrayBinario,100000,24,10143516,217134,0
ArrayBinario,100000,25,9857337,224321,0
ArrayBinario,100000,26,9399465,210678,0
ArrayBinario,100000,27,9406870,315242,0
ArrayBinario,100000,28,9215494,228851,0
ArrayBinario,100000,29,12333978,408070,0
ListaEncadeada,100000,0,10024639,157441985,2400000
ListaEncadeada,100000,1,8746744,157490097,2400000
ListaEncadeada,100000,2,7986408,161102707,2400000
ListaEncadeada,100000,3,8676339,162579800,2400000
ListaEncadeada,100000,4,11186834,173850829,2490512
ListaEncadeada,100000,5,9576395,168825397,2400000
ListaEncadeada,100000,6,9899106,147669477,2400000
ListaEncadeada,100000,7,8807363,162766389,2400000
ListaEncadeada,100000,8,9344201,154584073,2429792
ListaEncadeada,100000,9,7095595,162043741,2442584
ListaEncadeada,100000,10,8224468,158858413,2400000
ListaEncadeada,100000,11,8637623,162886070,2400000
ListaEncadeada,100000,12,10080165,173195424,2428808
ListaEncadeada,100000,13,8255010,171717271,2443864
ListaEncadeada,100000,14,9129048,151084472,2400000
ListaEncadeada,100000,15,7887529,151300429,2400000
ListaEncadeada,100000,16,6556738,137898606,2429600
ListaEncadeada,100000,17,6895652,157387110,2442904
ListaEncadeada,100000,18,9422242,160071382,2400000
ListaEncadeada,100000,19,8159299,145932411,2400000
ListaEncadeada,100000,20,8476915,158682358,2429600
ListaEncadeada,100000,21,8000234,154025531,2442904
ListaEncadeada,100000,22,6024521,167422823,2400000
ListaEncadeada,100000,23,9031239,150452061,2400000
ListaEncadeada,100000,24,7489500,153383160,2400000
ListaEncadeada,100000,25,8451209,149007852,2492936
ListaEncadeada,100000,26,7713999,157920609,2400000
ListaEncadeada,100000,27,7659677,169361768,2400000
ListaEncadeada,100000,28,11108736,173058751,2429600
ListaEncadeada,100000,29,7997762,149147350,2442424
ArvoreBST,100000,0,35165504,319769,2400000
ArvoreBST,100000,1,29873362,251932,2400000
ArvoreBST,100000,2,33641618,526562,2429600
ArvoreBST,100000,3,32931567,271068,2400000
ArvoreBST,100000,4,35847028,293085,2400000
ArvoreBST,100000,5,33782742,289856,2400000
ArvoreBST,100000,6,35199781,417978,2449016
ArvoreBST,100000,7,33108979,332035,2428184
ArvoreBST,100000,8,38618773,579081,2400000
ArvoreBST,100000,9,33432812,382259,2400000
ArvoreBST,100000,10,33320081,246986,2463848
ArvoreBST,100000,11,33655222,347237,2417224
ArvoreBST,100000,12,32559475,312498,2400000
ArvoreBST,100000,13,36846148,275084,2400000
ArvoreBST,100000,14,36539279,354117,2461808
ArvoreBST,100000,15,35519034,289909,2400000
ArvoreBST,100000,16,35366507,345786,2400000
ArvoreBST,100000,17,52617208,418481,2400000
ArvoreBST,100000,18,35945620,453123,2469392
ArvoreBST,100000,19,35355592,249468,2492936
ArvoreBST,100000,20,35553133,302032,2400000
ArvoreBST,100000,21,42697243,452963,2400000
ArvoreBST,100000,22,43606636,272010,2429600
ArvoreBST,100000,23,37006288,269458,2442824
ArvoreBST,100000,24,39293103,327776,2400000
ArvoreBST,100000,25,33762734,326673,2400000
ArvoreBST,100000,26,33105878,234011,2465864
ArvoreBST,100000,27,33395983,377666,2492936
ArvoreBST,100000,28,32726210,272355,2400000
ArvoreBST,100000,29,37275802,315277,2400000
HashTable,100000,0,18736241,129221,5091232
HashTable,100000,1,18474854,408831,5091232
HashTable,100000,2,19197141,194623,5091232
HashTable,100000,3,26574083,168116,5091232
HashTable,100000,4,17800607,125620,5091232
HashTable,100000,5,18420095,183430,5091232
HashTable,100000,6,16307063,240396,5091232
HashTable,100000,7,20063937,367453,5091232
HashTable,100000,8,19163279,187151,5091232
HashTable,100000,9,18463583,150387,5091232
HashTable,100000,10,18394183,157919,5091232
HashTable,100000,11,21195036,188022,5091232
HashTable,100000,12,19755419,149966,5091232
HashTable,100000,13,18517244,237644,5091232
HashTable,100000,14,16067605,130457,5091232
HashTable,100000,15,22627778,152526,5091232
HashTable,100000,16,20687655,248133,5091232
HashTable,100000,17,23367831,173082,5091232
HashTable,100000,18,17753649,235843,5091232
HashTable,100000,19,16604681,156491,5091232
HashTable,100000,20,18823273,219447,5091232
HashTable,100000,21,17944951,158961,5091232
HashTable,100000,22,23857759,297038,5091232
HashTable,100000,23,20727488,251401,5091232
HashTable,100000,24,18383051,186685,5091232
HashTable,100000,25,18780502,242876,5091232
HashTable,100000,26,16569129,221203,5091232
HashTable,100000,27,18096535,142704,5091232
HashTable,100000,28,19678670,220790,5091232
HashTable,100000,29,18219843,228767,5091232
ArrayLinear,500000,0,2809045,72947471,0
ArrayLinear,500000,1,3850413,67691296,0
ArrayLinear,500000,2,5402580,85671954,0
ArrayLinear,500000,3,3094608,84398659,0
ArrayLinear,500000,4,2928695,75580452,0
ArrayLinear,500000,5,2327127,76630443,0
ArrayLinear,500000,6,3223774,71499163,0
ArrayLinear,500000,7,2414492,100694729,0
ArrayLinear,500000,8,3114457,107255267,0
ArrayLinear,500000,9,3092736,87487826,0
ArrayLinear,500000,10,3958212,104528215,0
ArrayLinear,500000,11,7097078,89834516,0
ArrayLinear,500000,12,3315592,89626965,0
ArrayLinear,500000,13,3430929,108905510,0
ArrayLinear,500000,14,3836992,93496148,0
ArrayLinear,500000,15,5440487,84162721,0
ArrayLinear,500000,16,4081973,72994126,0
ArrayLinear,500000,17,5172071,69866518,0
ArrayLinear,500000,18,3749796,71855920,0
ArrayLinear,500000,19,2800875,85962565,0
ArrayLinear,500000,20,2761365,88326323,0
ArrayLinear,500000,21,3384000,91466503,0
ArrayLinear,500000,22,5021159,87627113,0
ArrayLinear,500000,23,5142664,66465058,0
ArrayLinear,500000,24,2924329,74360835,0
ArrayLinear,500000,25,2356662,66600740,0
ArrayLinear,500000,26,4625831,69424749,0
ArrayLinear,500000,27,2864746,65705760,0
ArrayLinear,500000,28,2981361,69184673,0
ArrayLinear,500000,29,2691045,92985920,0
ArrayBinario,500000,0,63042223,643838,0
ArrayBinario,500000,1,58480765,344598,0
ArrayBinario,500000,2,57136226,454258,0
ArrayBinario,500000,3,50637578,556134,0
ArrayBinario,500000,4,45718602,281489,0
ArrayBinario,500000,5,44825250,285358,0
ArrayBinario,500000,6,47355886,476343,0
ArrayBinario,500000,7,52710969,353766,0
ArrayBinario,500000,8,61095807,453308,0
ArrayBinario,500000,9,55608726,383310,0
ArrayBinario,500000,10,55261415,343954,0
ArrayBinario,500000,11,56058583,388184,0
ArrayBinario,500000,12,54894393,306594,0
ArrayBinario,500000,13,52942827,398460,0
ArrayBinario,500000,14,55028143,342538,0
ArrayBinario,500000,15,55771746,312410,0
ArrayBinario,500000,16,56314973,502244,0
ArrayBinario,500000,17,56998948,335288,0
ArrayBinario,500000,18,57606836,351757,0
ArrayBinario,500000,19,55040471,632859,0
ArrayBinario,500000,20,53680758,327408,0
ArrayBinario,500000,21,58126271,374546,0
ArrayBinario,500000,22,48148524,284537,0
ArrayBinario,500000,23,47830136,286789,0
ArrayBinario,500000,24,43912786,290680,0
ArrayBinario,500000,25,47221474,355800,0
ArrayBinario,500000,26,51030698,344481,0
ArrayBinario,500000,27,54623612,354679,0
ArrayBinario,500000,28,55155548,352740,0
ArrayBinario,500000,29,56304096,351623,0
ListaEncadeada,500000,0,41785906,991124653,12112576
ListaEncadeada,500000,1,52175272,941738076,12018896
ListaEncadeada,500000,2,66917323,952621206,12016408
ListaEncadeada,500000,3,27117478,925758402,12238000
ListaEncadeada,500000,4,79748002,993620341,12076536
ListaEncadeada,500000,5,56177377,923373806,12136664
ListaEncadeada,500000,6,64289597,968200823,12146240
ListaEncadeada,500000,7,57067631,882605711,12128960
ListaEncadeada,500000,8,54286345,978560936,12095256
ListaEncadeada,500000,9,61684459,932366825,12127736
ListaEncadeada,500000,10,59817909,880382249,12129104
ListaEncadeada,500000,11,62147669,872052347,12129104
ListaEncadeada,500000,12,61332696,1102093975,12140456
ListaEncadeada,500000,13,81299700,900482646,12123776
ListaEncadeada,500000,14,61575194,947355234,12137096
ListaEncadeada,500000,15,59679628,926161460,12129104
ListaEncadeada,500000,16,63636722,1068270260,12129104
ListaEncadeada,500000,17,99267705,946284187,12172672
ListaEncadeada,500000,18,63715051,929002590,12097056
ListaEncadeada,500000,19,58209078,1011775114,12134288
ListaEncadeada,500000,20,67037052,1137422821,12129104
ListaEncadeada,500000,21,108463001,890911645,12268288
ListaEncadeada,500000,22,61649037,995437267,12129032
ListaEncadeada,500000,23,64432842,899065746,12129104
ListaEncadeada,500000,24,75007600,947087178,12129032
ListaEncadeada,500000,25,57862486,837286094,12129104
ListaEncadeada,500000,26,58387009,921204477,12073640
ListaEncadeada,500000,27,60417665,902248243,12128144
ListaEncadeada,500000,28,61616928,964553261,12129104
ListaEncadeada,500000,29,58639376,919740813,12194440
ArvoreBST,500000,0,350997670,840234,12202840
ArvoreBST,500000,1,339192110,531070,12135864
ArvoreBST,500000,2,301045840,825242,12092320
ArvoreBST,500000,3,314606029,440021,12177704
ArvoreBST,500000,4,331312930,518879,12116736
ArvoreBST,500000,5,311170972,574043,12149648
ArvoreBST,500000,6,284842830,539508,12137720
ArvoreBST,500000,7,290425037,575715,12184208
ArvoreBST,500000,8,356646737,566910,12093840
ArvoreBST,500000,9,305886302,531255,12185312
ArvoreBST,500000,10,331681445,498173,12184064
ArvoreBST,500000,11,284387570,544323,12187136
ArvoreBST,500000,12,302643533,1034559,12143312
ArvoreBST,500000,13,327369588,524352,12181352
ArvoreBST,500000,14,273841172,480274,12136368
ArvoreBST,500000,15,294221738,604419,12173648
ArvoreBST,500000,16,307808971,778743,12093840
ArvoreBST,500000,17,300254313,761281,12099360
ArvoreBST,500000,18,310685704,595892,12180808
ArvoreBST,500000,19,292451062,478352,12093840
ArvoreBST,500000,20,340479679,511464,12093840
ArvoreBST,500000,21,305498073,555901,12217952
ArvoreBST,500000,22,351884440,522922,12185728
ArvoreBST,500000,23,329931871,491081,12113376
ArvoreBST,500000,24,300141971,579896,12187496
ArvoreBST,500000,25,281366643,721665,12159784
ArvoreBST,500000,26,292712880,568245,12197944
ArvoreBST,500000,27,333633980,759411,12191392
ArvoreBST,500000,28,302107832,566312,12187136
ArvoreBST,500000,29,299571932,543512,12176032
HashTable,500000,0,133700932,187333,29741200
HashTable,500000,1,125525656,177066,29683024
HashTable,500000,2,128488175,245447,29757168
HashTable,500000,3,118713938,198602,29740632
HashTable,500000,4,118231350,178453,29732176
HashTable,500000,5,137132992,180229,29727712
HashTable,500000,6,117785460,248379,29791456
HashTable,500000,7,117920846,181389,29792752
HashTable,500000,8,119681960,187161,29710512
HashTable,500000,9,132053030,383693,29742672
HashTable,500000,10,138990434,182608,29779456
HashTable,500000,11,153224263,195807,29788496
HashTable,500000,12,139700664,177765,29682960
HashTable,500000,13,119487274,315456,29779744
HashTable,500000,14,126639673,368112,29766496
HashTable,500000,15,126151810,187340,29801568
HashTable,500000,16,121515942,175466,29682960
HashTable,500000,17,119754929,173846,29729200
HashTable,500000,18,120037442,205612,29778512
HashTable,500000,19,119125314,178729,29738448
HashTable,500000,20,119651429,373050,29773104
HashTable,500000,21,114221876,186230,29797568
HashTable,500000,22,114707003,191337,29682960
HashTable,500000,23,121615356,230837,29779760
HashTable,500000,24,107306009,322173,29783728
HashTable,500000,25,122008820,181374,29770240
HashTable,500000,26,117760828,179218,29777552
HashTable,500000,27,113587351,178052,29779760
HashTable,500000,28,126103644,213538,29779744
HashTable,500000,29,122770750,224012,29743640
